<?xml version="1.0" encoding="UTF-8"?>
<project-private xmlns="http://www.netbeans.org/ns/project-private/1">
    <editor-bookmarks xmlns="http://www.netbeans.org/ns/editor-bookmarks/2" lastBookmarkId="0"/>
    <open-files xmlns="http://www.netbeans.org/ns/projectui-open-files/2">
        <group>
            <file>file:/home/juan/Universidad/BasesDeDatos/CodigoProyecto/src/basededatos/CreateOrg.java</file>
            <file>file:/home/juan/Universidad/BasesDeDatos/CodigoProyecto/src/basededatos/LoadPDFMysql.java</file>
            <file>file:/home/juan/Universidad/BasesDeDatos/CodigoProyecto/src/basededatos/Reader.java</file>
        </group>
    </open-files>
</project-private>
